--
-- PostgreSQL database dump
--

-- Dumped from database version 13.5
-- Dumped by pg_dump version 13.5

SET statement_timeout = 0;
SET lock_timeout = 0;
SET idle_in_transaction_session_timeout = 0;
SET client_encoding = 'ISO_8859_5';
SET standard_conforming_strings = on;
SELECT pg_catalog.set_config('search_path', '', false);
SET check_function_bodies = false;
SET xmloption = content;
SET client_min_messages = warning;
SET row_security = off;

--
-- Name: postgres; Type: DATABASE; Schema: -; Owner: postgres
--

CREATE DATABASE postgres WITH TEMPLATE = template0 ENCODING = 'UTF8' LOCALE = 'English_United States.1252';


ALTER DATABASE postgres OWNER TO postgres;

\connect postgres

SET statement_timeout = 0;
SET lock_timeout = 0;
SET idle_in_transaction_session_timeout = 0;
SET client_encoding = 'ISO_8859_5';
SET standard_conforming_strings = on;
SELECT pg_catalog.set_config('search_path', '', false);
SET check_function_bodies = false;
SET xmloption = content;
SET client_min_messages = warning;
SET row_security = off;

--
-- Data for Name: MGMT_ITEM_CATEGORY; Type: TABLE DATA; Schema: HOTEL; Owner: postgres
--

INSERT INTO "HOTEL"."MGMT_ITEM_CATEGORY" ("ITEM_CATE_ID", "ITEM_CATE_NAME", "ITEM_CATE_ORDER") VALUES (1, 'PERSONAL & BASIC', 1);
INSERT INTO "HOTEL"."MGMT_ITEM_CATEGORY" ("ITEM_CATE_ID", "ITEM_CATE_NAME", "ITEM_CATE_ORDER") VALUES (2, 'PAY & BANK', 2);
INSERT INTO "HOTEL"."MGMT_ITEM_CATEGORY" ("ITEM_CATE_ID", "ITEM_CATE_NAME", "ITEM_CATE_ORDER") VALUES (3, 'CAREER & PERFORMANCE', 3);


--
-- Data for Name: MGMT_ITEM_TRAIT; Type: TABLE DATA; Schema: HOTEL; Owner: postgres
--

INSERT INTO "HOTEL"."MGMT_ITEM_TRAIT" ("ITEM_TRAIT_ID", "ITEM_TRAIT_NAME") VALUES (1, 'DESC');
INSERT INTO "HOTEL"."MGMT_ITEM_TRAIT" ("ITEM_TRAIT_ID", "ITEM_TRAIT_NAME") VALUES (2, 'SELECTABLE');
INSERT INTO "HOTEL"."MGMT_ITEM_TRAIT" ("ITEM_TRAIT_ID", "ITEM_TRAIT_NAME") VALUES (3, 'PICTURE');
INSERT INTO "HOTEL"."MGMT_ITEM_TRAIT" ("ITEM_TRAIT_ID", "ITEM_TRAIT_NAME") VALUES (4, 'MEDIA');
INSERT INTO "HOTEL"."MGMT_ITEM_TRAIT" ("ITEM_TRAIT_ID", "ITEM_TRAIT_NAME") VALUES (5, 'DATE');
INSERT INTO "HOTEL"."MGMT_ITEM_TRAIT" ("ITEM_TRAIT_ID", "ITEM_TRAIT_NAME") VALUES (6, 'DATETIME');


--
-- Data for Name: MGMT_ITEM; Type: TABLE DATA; Schema: HOTEL; Owner: postgres
--

INSERT INTO "HOTEL"."MGMT_ITEM" ("ITEM_ID", "ITEM_NAME", "ITEM_CATE_ID", "ITEM_TRAIT_ID", "ITEM_ORDER") VALUES (1, 'FIRST NAME', 1, 1, 1);
INSERT INTO "HOTEL"."MGMT_ITEM" ("ITEM_ID", "ITEM_NAME", "ITEM_CATE_ID", "ITEM_TRAIT_ID", "ITEM_ORDER") VALUES (2, 'LAST NAME', 1, 1, 2);
INSERT INTO "HOTEL"."MGMT_ITEM" ("ITEM_ID", "ITEM_NAME", "ITEM_CATE_ID", "ITEM_TRAIT_ID", "ITEM_ORDER") VALUES (3, 'ADDRESS LINE 1', 1, 1, 3);
INSERT INTO "HOTEL"."MGMT_ITEM" ("ITEM_ID", "ITEM_NAME", "ITEM_CATE_ID", "ITEM_TRAIT_ID", "ITEM_ORDER") VALUES (4, 'ADDRESS LINE 2', 1, 1, 4);
INSERT INTO "HOTEL"."MGMT_ITEM" ("ITEM_ID", "ITEM_NAME", "ITEM_CATE_ID", "ITEM_TRAIT_ID", "ITEM_ORDER") VALUES (5, 'POSTAL CODE', 1, 1, 5);
INSERT INTO "HOTEL"."MGMT_ITEM" ("ITEM_ID", "ITEM_NAME", "ITEM_CATE_ID", "ITEM_TRAIT_ID", "ITEM_ORDER") VALUES (6, 'CELL NUMBER', 1, 1, 6);
INSERT INTO "HOTEL"."MGMT_ITEM" ("ITEM_ID", "ITEM_NAME", "ITEM_CATE_ID", "ITEM_TRAIT_ID", "ITEM_ORDER") VALUES (7, 'BANK NAME', 2, 2, 1);
INSERT INTO "HOTEL"."MGMT_ITEM" ("ITEM_ID", "ITEM_NAME", "ITEM_CATE_ID", "ITEM_TRAIT_ID", "ITEM_ORDER") VALUES (8, 'TRANSIT', 2, 1, 2);
INSERT INTO "HOTEL"."MGMT_ITEM" ("ITEM_ID", "ITEM_NAME", "ITEM_CATE_ID", "ITEM_TRAIT_ID", "ITEM_ORDER") VALUES (9, 'ROUTING', 2, 1, 3);
INSERT INTO "HOTEL"."MGMT_ITEM" ("ITEM_ID", "ITEM_NAME", "ITEM_CATE_ID", "ITEM_TRAIT_ID", "ITEM_ORDER") VALUES (10, 'ACCOUNT', 2, 1, 4);
INSERT INTO "HOTEL"."MGMT_ITEM" ("ITEM_ID", "ITEM_NAME", "ITEM_CATE_ID", "ITEM_TRAIT_ID", "ITEM_ORDER") VALUES (11, 'PAY GRADE', 2, 2, 5);
INSERT INTO "HOTEL"."MGMT_ITEM" ("ITEM_ID", "ITEM_NAME", "ITEM_CATE_ID", "ITEM_TRAIT_ID", "ITEM_ORDER") VALUES (13, 'POSITION NAME', 3, 1, 1);
INSERT INTO "HOTEL"."MGMT_ITEM" ("ITEM_ID", "ITEM_NAME", "ITEM_CATE_ID", "ITEM_TRAIT_ID", "ITEM_ORDER") VALUES (16, 'PERFORMANCE COMMENT', 3, 1, 4);
INSERT INTO "HOTEL"."MGMT_ITEM" ("ITEM_ID", "ITEM_NAME", "ITEM_CATE_ID", "ITEM_TRAIT_ID", "ITEM_ORDER") VALUES (17, 'PROFILE PHOTO', 1, 3, 7);
INSERT INTO "HOTEL"."MGMT_ITEM" ("ITEM_ID", "ITEM_NAME", "ITEM_CATE_ID", "ITEM_TRAIT_ID", "ITEM_ORDER") VALUES (12, 'ANNUAL PAY', 2, 1, 6);
INSERT INTO "HOTEL"."MGMT_ITEM" ("ITEM_ID", "ITEM_NAME", "ITEM_CATE_ID", "ITEM_TRAIT_ID", "ITEM_ORDER") VALUES (14, 'POSITION BEGIN DATE', 3, 5, 2);
INSERT INTO "HOTEL"."MGMT_ITEM" ("ITEM_ID", "ITEM_NAME", "ITEM_CATE_ID", "ITEM_TRAIT_ID", "ITEM_ORDER") VALUES (15, 'POSITION END DATE', 3, 5, 3);


--
-- Data for Name: MGMT_ITEM_TRAIT_DTL; Type: TABLE DATA; Schema: HOTEL; Owner: postgres
--

INSERT INTO "HOTEL"."MGMT_ITEM_TRAIT_DTL" ("ITEM_TRAIT_DTL_ID", "ITEM_TRAIT_DTL_NAME", "ITEM_TRAIT_ID", "ITEM_TRAIT_DTL_ORDER") VALUES (1, 'LENGTH', 1, 1);
INSERT INTO "HOTEL"."MGMT_ITEM_TRAIT_DTL" ("ITEM_TRAIT_DTL_ID", "ITEM_TRAIT_DTL_NAME", "ITEM_TRAIT_ID", "ITEM_TRAIT_DTL_ORDER") VALUES (2, 'IMAGE TYPE', 3, 1);
INSERT INTO "HOTEL"."MGMT_ITEM_TRAIT_DTL" ("ITEM_TRAIT_DTL_ID", "ITEM_TRAIT_DTL_NAME", "ITEM_TRAIT_ID", "ITEM_TRAIT_DTL_ORDER") VALUES (3, 'SELECTION TYPE', 2, 1);
INSERT INTO "HOTEL"."MGMT_ITEM_TRAIT_DTL" ("ITEM_TRAIT_DTL_ID", "ITEM_TRAIT_DTL_NAME", "ITEM_TRAIT_ID", "ITEM_TRAIT_DTL_ORDER") VALUES (4, 'MEDIA TYPE', 4, 1);


--
-- Data for Name: MGMT_ITEM_TRAIT_SETTING; Type: TABLE DATA; Schema: HOTEL; Owner: postgres
--

INSERT INTO "HOTEL"."MGMT_ITEM_TRAIT_SETTING" ("ITEM_TRAIT_SETTING_ID", "ITEM_ID", "ITEM_TRAIT_DTL_ID", "ITEM_TRAIT_SETTING_VALUE", "ITEM_TRAIT_SETTING_ORDER") VALUES (4, 11, 3, '10000 ~ 20000', 1);
INSERT INTO "HOTEL"."MGMT_ITEM_TRAIT_SETTING" ("ITEM_TRAIT_SETTING_ID", "ITEM_ID", "ITEM_TRAIT_DTL_ID", "ITEM_TRAIT_SETTING_VALUE", "ITEM_TRAIT_SETTING_ORDER") VALUES (5, 11, 3, '20000 ~ 30000', 2);
INSERT INTO "HOTEL"."MGMT_ITEM_TRAIT_SETTING" ("ITEM_TRAIT_SETTING_ID", "ITEM_ID", "ITEM_TRAIT_DTL_ID", "ITEM_TRAIT_SETTING_VALUE", "ITEM_TRAIT_SETTING_ORDER") VALUES (1, 7, 3, 'AMERICAN BANK', 1);
INSERT INTO "HOTEL"."MGMT_ITEM_TRAIT_SETTING" ("ITEM_TRAIT_SETTING_ID", "ITEM_ID", "ITEM_TRAIT_DTL_ID", "ITEM_TRAIT_SETTING_VALUE", "ITEM_TRAIT_SETTING_ORDER") VALUES (2, 7, 3, 'CANADIAN BANK', 2);
INSERT INTO "HOTEL"."MGMT_ITEM_TRAIT_SETTING" ("ITEM_TRAIT_SETTING_ID", "ITEM_ID", "ITEM_TRAIT_DTL_ID", "ITEM_TRAIT_SETTING_VALUE", "ITEM_TRAIT_SETTING_ORDER") VALUES (3, 7, 3, 'EUROPEAN BANK', 3);
INSERT INTO "HOTEL"."MGMT_ITEM_TRAIT_SETTING" ("ITEM_TRAIT_SETTING_ID", "ITEM_ID", "ITEM_TRAIT_DTL_ID", "ITEM_TRAIT_SETTING_VALUE", "ITEM_TRAIT_SETTING_ORDER") VALUES (6, 17, 2, 'JPG', 1);
INSERT INTO "HOTEL"."MGMT_ITEM_TRAIT_SETTING" ("ITEM_TRAIT_SETTING_ID", "ITEM_ID", "ITEM_TRAIT_DTL_ID", "ITEM_TRAIT_SETTING_VALUE", "ITEM_TRAIT_SETTING_ORDER") VALUES (7, 17, 2, 'PNG', 2);


--
-- Data for Name: MGMT_ORG_HICHY; Type: TABLE DATA; Schema: HOTEL; Owner: postgres
--

INSERT INTO "HOTEL"."MGMT_ORG_HICHY" ("DEPT_HICHY_ID", "DEPT_HICHY_NAME") VALUES (1, 'CEO');
INSERT INTO "HOTEL"."MGMT_ORG_HICHY" ("DEPT_HICHY_ID", "DEPT_HICHY_NAME") VALUES (2, 'MANAGEMENT');
INSERT INTO "HOTEL"."MGMT_ORG_HICHY" ("DEPT_HICHY_ID", "DEPT_HICHY_NAME") VALUES (3, 'EMPLOYEE');
INSERT INTO "HOTEL"."MGMT_ORG_HICHY" ("DEPT_HICHY_ID", "DEPT_HICHY_NAME") VALUES (4, 'SUITE');


--
-- Data for Name: MGMT_ORG_ENTITY; Type: TABLE DATA; Schema: HOTEL; Owner: postgres
--

INSERT INTO "HOTEL"."MGMT_ORG_ENTITY" ("ENTITY_ID", "ENTITY_HICHY_ID", "ENTITY_DESC", "UPPER_ENTITY_ID") VALUES (1, 1, 'CEO JAMES', NULL);
INSERT INTO "HOTEL"."MGMT_ORG_ENTITY" ("ENTITY_ID", "ENTITY_HICHY_ID", "ENTITY_DESC", "UPPER_ENTITY_ID") VALUES (3, 2, 'KITCHEN MANAGER HALEY', 1);
INSERT INTO "HOTEL"."MGMT_ORG_ENTITY" ("ENTITY_ID", "ENTITY_HICHY_ID", "ENTITY_DESC", "UPPER_ENTITY_ID") VALUES (2, 2, 'SUITE MANAGER KIM', 1);
INSERT INTO "HOTEL"."MGMT_ORG_ENTITY" ("ENTITY_ID", "ENTITY_HICHY_ID", "ENTITY_DESC", "UPPER_ENTITY_ID") VALUES (4, 3, 'SUITE EE HEATHER', 2);
INSERT INTO "HOTEL"."MGMT_ORG_ENTITY" ("ENTITY_ID", "ENTITY_HICHY_ID", "ENTITY_DESC", "UPPER_ENTITY_ID") VALUES (5, 3, 'KITCHEN EE ADAM', 3);
INSERT INTO "HOTEL"."MGMT_ORG_ENTITY" ("ENTITY_ID", "ENTITY_HICHY_ID", "ENTITY_DESC", "UPPER_ENTITY_ID") VALUES (7, 4, 'SUITE MARS', 4);
INSERT INTO "HOTEL"."MGMT_ORG_ENTITY" ("ENTITY_ID", "ENTITY_HICHY_ID", "ENTITY_DESC", "UPPER_ENTITY_ID") VALUES (8, 4, 'SUITE SATURN', 4);
INSERT INTO "HOTEL"."MGMT_ORG_ENTITY" ("ENTITY_ID", "ENTITY_HICHY_ID", "ENTITY_DESC", "UPPER_ENTITY_ID") VALUES (6, 4, 'SUITE SUPREME', 4);
INSERT INTO "HOTEL"."MGMT_ORG_ENTITY" ("ENTITY_ID", "ENTITY_HICHY_ID", "ENTITY_DESC", "UPPER_ENTITY_ID") VALUES (9, 4, 'WEDDING HALL', 4);
INSERT INTO "HOTEL"."MGMT_ORG_ENTITY" ("ENTITY_ID", "ENTITY_HICHY_ID", "ENTITY_DESC", "UPPER_ENTITY_ID") VALUES (10, 4, 'GRAND DINING HAL', 5);
INSERT INTO "HOTEL"."MGMT_ORG_ENTITY" ("ENTITY_ID", "ENTITY_HICHY_ID", "ENTITY_DESC", "UPPER_ENTITY_ID") VALUES (11, 4, 'KITCHEN', 5);


--
-- PostgreSQL database dump complete
--

